# noinspection SqlNoDataSourceInspectionForFile
INSERT INTO USER (ID, USERNAME, PASSWORD, EMAIL, ENABLED, LASTPASSWORDRESETDATE, PREMIUM, ALLPOINTS) VALUES (1, 'admin', '$2a$08$lDnHPz7eUkSi6ao14Twuau08mzhWrL4kyZGGU5xfiGALO/Vxd5DOi', 'admin@admin.com', 1, PARSEDATETIME('01-01-2016', 'dd-MM-yyyy'), 100, 100);
INSERT INTO USER (ID, USERNAME, PASSWORD, EMAIL, ENABLED, LASTPASSWORDRESETDATE, PREMIUM, ALLPOINTS) VALUES (2, 'user', '$2a$08$UkVvwpULis18S19S5pZFn.YHPZt3oaqHZnDwqbCW9pft6uFtkXKDC', 'enabled@user.com', 1, PARSEDATETIME('01-01-2016','dd-MM-yyyy'), 100, 100);

INSERT INTO AUTHORITY (ID, NAME) VALUES (1, 'ROLE_USER');
INSERT INTO AUTHORITY (ID, NAME) VALUES (2, 'ROLE_ADMIN');

INSERT INTO USER_AUTHORITY (USER_ID, AUTHORITY_ID) VALUES (1, 1);
INSERT INTO USER_AUTHORITY (USER_ID, AUTHORITY_ID) VALUES (1, 2);
INSERT INTO USER_AUTHORITY (USER_ID, AUTHORITY_ID) VALUES (2, 1);

INSERT INTO TOWN (ID, NAME, POINTS, POINTX, POINTY, IRON, WOOD, CLAY, MANA) VALUES (1, 'MIASTO1', 100, 1, 1, 1000, 1000, 1000, 1000);
INSERT INTO TOWN (ID, NAME, POINTS, POINTX, POINTY, IRON, WOOD, CLAY, MANA) VALUES (2, 'MIASTO2', 100, 2, 2, 1000, 1000, 1000, 1000);

INSERT INTO BUILDING (ID, NAME, LEVEL, DESCRIPTION) VALUES (1, 'RATUSZ', 1, 'Ratusz jest sercem miasta.');
INSERT INTO BUILDING (ID, NAME, LEVEL, DESCRIPTION) VALUES (2, 'KOSZARY', 1, 'W koszarach rekrutujemy wojsko.'); 
INSERT INTO BUILDING (ID, NAME, LEVEL, DESCRIPTION) VALUES (3, 'MUR', 1, 'Mur chroni nas przed najezdzcami.');

INSERT INTO BUILDING (ID, NAME, LEVEL, DESCRIPTION) VALUES (4, 'RATUSZ', 1, 'Ratusz jest sercem miasta.');
INSERT INTO BUILDING (ID, NAME, LEVEL, DESCRIPTION) VALUES (5, 'KOSZARY', 1, 'W koszarach rekrutujemy wojsko.'); 
INSERT INTO BUILDING (ID, NAME, LEVEL, DESCRIPTION) VALUES (6, 'MUR', 1, 'Mur chroni nas przed najezdzcami.');

INSERT INTO TOWN_BUILDINGS (TOWN_ID, BUILDING_ID) VALUES (1, 1);
INSERT INTO TOWN_BUILDINGS (TOWN_ID, BUILDING_ID) VALUES (1, 2);
INSERT INTO TOWN_BUILDINGS (TOWN_ID, BUILDING_ID) VALUES (1, 3);

INSERT INTO TOWN_BUILDINGS (TOWN_ID, BUILDING_ID) VALUES (2, 4);
INSERT INTO TOWN_BUILDINGS (TOWN_ID, BUILDING_ID) VALUES (2, 5);
INSERT INTO TOWN_BUILDINGS (TOWN_ID, BUILDING_ID) VALUES (2, 6);

INSERT INTO SOLDIERTYPE (ID, NAME, DESCRIPTION, STRENGHT, DEFENCE, HP, SPEED) VALUES (1, 'Miecznik', 'Miecznicy mają miecze.', 100, 100, 100, 20);
INSERT INTO SOLDIERTYPE (ID, NAME, DESCRIPTION, STRENGHT, DEFENCE, HP, SPEED) VALUES (2, 'Łucznik', 'Łuczniki mają łuki.', 200, 50, 80, 30);
INSERT INTO SOLDIERTYPE (ID, NAME, DESCRIPTION, STRENGHT, DEFENCE, HP, SPEED) VALUES (3, 'Rycerz', 'Rycerze mają konia', 300, 200, 200, 50);

INSERT INTO ARMY (ID, TOWN_ID, SOLDIERTYPE_ID, QUANTITY) VALUES (1, 1, 1, 100);
INSERT INTO ARMY (ID, TOWN_ID, SOLDIERTYPE_ID, QUANTITY) VALUES (2, 1, 2, 100);
INSERT INTO ARMY (ID, TOWN_ID, SOLDIERTYPE_ID, QUANTITY) VALUES (3, 1, 3, 100);

INSERT INTO USER_TOWNS (USER_ID, TOWN_ID) VALUES (2, 1);
INSERT INTO USER_TOWNS (USER_ID, TOWN_ID) VALUES (2, 2);

SELECT * FROM TOWN WHERE ID = (SELECT TOWN_ID FROM USER_TOWNS WHERE USER_ID = 2)

/*
INSERT INTO ARMY (ID, QUANTITY, SOLDIERTYPE_ID, TOWN_ID) VALUES (1, 100);
INSERT INTO ARMY (ID, QUANTITY, SOLDIERTYPE_ID, TOWN_ID) VALUES (2, 200);
INSERT INTO ARMY (ID, QUANTITY, SOLDIERTYPE_ID, TOWN_ID) VALUES (3, 300);



INSERT INTO ARMYDETAIL (ID,/* TOWN_ID,*/ SOLDIERTYPE_ID, QUANTITY) VALUES (4, /*2,*/ 1, 200);
INSERT INTO ARMYDETAIL (ID,/* TOWN_ID,*/ SOLDIERTYPE_ID, QUANTITY) VALUES (5, /*2,*/ 2, 200);
INSERT INTO ARMYDETAIL (ID,/* TOWN_ID,*/ SOLDIERTYPE_ID, QUANTITY) VALUES (6, /*2,*/ 3, 200);*/
